{
   "Version":"2012-10-17",
   "Statement":[
      {
         "Effect": "Allow",
         "Action": [
            "s3:GetBucketLocation",
            "s3:GetObject",
            "s3:ListBucket",
            "s3:PutObject",
            "s3:GetBucketAcl",
            "s3:*"			
         ],
         "Resource": [
            "arn:aws:s3:::dc-team-i2k2",
            "arn:aws:s3:::dc-team-i2k2/*"
         ]
      },
      {
         "Effect": "Allow",
         "Action": [
            "ec2:ModifySnapshotAttribute",
            "ec2:CopySnapshot",
            "ec2:RegisterImage",
            "ec2:Describe*",
			"ec2:*"
         ],
         "Resource": "*"
      }
   ]
}